<?xml version="1.0" encoding="utf-8"?>
<openerp>
    <data noupdate="1">

        <record model="ir.rule" id="manager_timesheet_rule">
            <field name="name">Timesheet Rule for Manager</field>
            <field name="model_id" ref="model_hr_timesheet_sheet_sheet"/>
            <field name="domain_force">['|',('employee_id.user_id','=',user.id),
                ('employee_id.parent_id.user_id','child_of',user.id)]
            </field>
        </record>

        <record model="ir.rule" id="manager_timesheet_report_rule">
            <field name="name">Timesheet Report Rule for Manager</field>
            <field name="model_id"
                   ref="hr_employee_time_clock.model_hr_attendance_analysis_report"/>
            <field name="domain_force">['|',('user_id','=',user.id),
                ('parent_user_id','child_of',user.id)]
            </field>
        </record>

        <record model="ir.rule" id="timesheet_comp_rule">
            <field name="name">Timesheet multi-company</field>
            <field name="model_id" search="[('model','=','hr_timesheet_sheet.sheet')]" model="ir.model"/>
            <field name="global" eval="True"/>
            <field name="domain_force">['|',('company_id','=',False),('company_id','child_of',[user.company_id.id])]</field>
        </record>

    </data>
</openerp>
